{"IcoMoonType":"selection","icons":[{"icon":{"paths":["M192 128l640 384-640 384z"],"attrs":[],"isMulticolor":false,"isMulticolor2":false,"tags":["play","player"],"defaultCode":59932,"grid":16},"attrs":[],"properties":{"ligatures":"play3, player8","name":"play3","id":284,"order":21,"prevSize":32,"code":59932},"setIdx":0,"setId":0,"iconIdx":284},{"icon":{"paths":["M0 768h1024v128h-1024zM512 128l512 512h-1024z"],"attrs":[],"isMulticolor":false,"isMulticolor2":false,"tags":["eject","player"],"defaultCode":59941,"grid":16},"attrs":[],"properties":{"ligatures":"eject, player17","name":"eject","id":293,"order":22,"prevSize":32,"code":59941},"setIdx":0,"setId":0,"iconIdx":293},{"icon":{"paths":["M512 32l-480 480h288v512h384v-512h288z"],"attrs":[],"isMulticolor":false,"isMulticolor2":false,"tags":["arrow-up","up","upload","top"],"defaultCode":59954,"grid":16},"attrs":[],"properties":{"ligatures":"arrow-up, up","name":"arrow-up","id":306,"order":23,"prevSize":32,"code":59954},"setIdx":0,"setId":0,"iconIdx":306},{"icon":{"paths":["M288 0l256 256-544 544 224 224 544-544 256 255.998v-735.998h-736z"],"attrs":[],"isMulticolor":false,"isMulticolor2":false,"tags":["arrow-up-right","up-right","arrow-top-right"],"defaultCode":59955,"grid":16},"attrs":[],"properties":{"ligatures":"arrow-up-right, up-right","name":"arrow-up-right","id":307,"order":25,"prevSize":32,"code":59955},"setIdx":0,"setId":0,"iconIdx":307},{"icon":{"paths":["M992 512l-480-480v288h-512v384h512v288z"],"attrs":[],"isMulticolor":false,"isMulticolor2":false,"tags":["arrow-right","right","next"],"defaultCode":59956,"grid":16},"attrs":[],"properties":{"ligatures":"arrow-right, right3","name":"arrow-right","id":308,"order":24,"prevSize":32,"code":59956},"setIdx":0,"setId":0,"iconIdx":308},{"icon":{"paths":["M1024 288l-256 256-544-544-224 224 544 544-255.998 256h735.998v-736z"],"attrs":[],"isMulticolor":false,"isMulticolor2":false,"tags":["arrow-down-right","down-right","arrow-bottom-right"],"defaultCode":59957,"grid":16},"attrs":[],"properties":{"ligatures":"arrow-down-right, down-right","name":"arrow-down-right","id":309,"order":26,"prevSize":32,"code":59957},"setIdx":0,"setId":0,"iconIdx":309},{"icon":{"paths":["M512 992l480-480h-288v-512h-384v512h-288z"],"attrs":[],"isMulticolor":false,"isMulticolor2":false,"tags":["arrow-down","down","download","bottom"],"defaultCode":59958,"grid":16},"attrs":[],"properties":{"ligatures":"arrow-down, down","name":"arrow-down","id":310,"order":27,"prevSize":32,"code":59958},"setIdx":0,"setId":0,"iconIdx":310},{"icon":{"paths":["M736 1024l-256-256 544-544-224-224-544 544-256-255.998v735.998h736z"],"attrs":[],"isMulticolor":false,"isMulticolor2":false,"tags":["arrow-down-left","down-left","arrow-bottom-left"],"defaultCode":59959,"grid":16},"attrs":[],"properties":{"ligatures":"arrow-down-left, down-left","name":"arrow-down-left","id":311,"order":28,"prevSize":32,"code":59959},"setIdx":0,"setId":0,"iconIdx":311},{"icon":{"paths":["M32 512l480 480v-288h512v-384h-512v-288z"],"attrs":[],"isMulticolor":false,"isMulticolor2":false,"tags":["arrow-left","left","previous"],"defaultCode":59960,"grid":16},"attrs":[],"properties":{"ligatures":"arrow-left, left3","name":"arrow-left","id":312,"order":29,"prevSize":32,"code":59960},"setIdx":0,"setId":0,"iconIdx":312},{"icon":{"paths":["M877.254 786.746l-530.744-530.746h229.49c35.346 0 64-28.654 64-64s-28.654-64-64-64h-384c-25.886 0-49.222 15.592-59.128 39.508-3.282 7.924-4.84 16.242-4.838 24.492h-0.034v384c0 35.346 28.654 64 64 64s64-28.654 64-64v-229.49l530.746 530.744c12.496 12.498 28.876 18.746 45.254 18.746s32.758-6.248 45.254-18.746c24.994-24.992 24.994-65.516 0-90.508z"],"attrs":[],"isMulticolor":false,"isMulticolor2":false,"tags":["arrow-up-left","up-left","arrow-top-left"],"defaultCode":59961,"grid":16},"attrs":[],"properties":{"ligatures":"arrow-up-left2, up-left2","name":"arrow-up-left2","id":313,"order":30,"prevSize":32,"code":59961},"setIdx":0,"setId":0,"iconIdx":313},{"icon":{"paths":["M877.254 402.746l-320-320c-24.992-24.994-65.514-24.994-90.508 0l-320 320c-24.994 24.994-24.994 65.516 0 90.51 24.994 24.996 65.516 24.996 90.51 0l210.744-210.746v613.49c0 35.346 28.654 64 64 64s64-28.654 64-64v-613.49l210.746 210.746c12.496 12.496 28.876 18.744 45.254 18.744s32.758-6.248 45.254-18.746c24.994-24.994 24.994-65.514 0-90.508z"],"attrs":[],"isMulticolor":false,"isMulticolor2":false,"tags":["arrow-up","up","upload","top"],"defaultCode":59962,"grid":16},"attrs":[],"properties":{"ligatures":"arrow-up2, up2","name":"arrow-up2","id":314,"order":18,"prevSize":32,"code":59962},"setIdx":0,"setId":0,"iconIdx":314},{"icon":{"paths":["M0 512c0 282.77 229.23 512 512 512s512-229.23 512-512-229.23-512-512-512-512 229.23-512 512zM928 512c0 229.75-186.25 416-416 416s-416-186.25-416-416 186.25-416 416-416 416 186.25 416 416z","M706.744 669.256l90.512-90.512-285.256-285.254-285.254 285.256 90.508 90.508 194.746-194.744z"],"attrs":[],"isMulticolor":false,"isMulticolor2":false,"tags":["circle-up","up","circle-top","arrow"],"defaultCode":59969,"grid":16},"attrs":[],"properties":{"ligatures":"circle-up, up3","name":"circle-up","id":321,"order":31,"prevSize":32,"code":59969},"setIdx":0,"setId":0,"iconIdx":321},{"icon":{"paths":["M512 0c-282.77 0-512 229.23-512 512s229.23 512 512 512 512-229.23 512-512-229.23-512-512-512zM512 928c-229.75 0-416-186.25-416-416s186.25-416 416-416 416 186.25 416 416-186.25 416-416 416z","M354.744 706.744l90.512 90.512 285.254-285.256-285.256-285.254-90.508 90.508 194.744 194.746z"],"attrs":[],"isMulticolor":false,"isMulticolor2":false,"tags":["circle-right","right","circle-next","arrow"],"defaultCode":59970,"grid":16},"attrs":[],"properties":{"ligatures":"circle-right, right5","name":"circle-right","id":322,"order":32,"prevSize":32,"code":59970},"setIdx":0,"setId":0,"iconIdx":322},{"icon":{"paths":["M1024 512c0-282.77-229.23-512-512-512s-512 229.23-512 512 229.23 512 512 512 512-229.23 512-512zM96 512c0-229.75 186.25-416 416-416s416 186.25 416 416-186.25 416-416 416-416-186.25-416-416z","M317.256 354.744l-90.512 90.512 285.256 285.254 285.254-285.256-90.508-90.508-194.746 194.744z"],"attrs":[],"isMulticolor":false,"isMulticolor2":false,"tags":["circle-down","down","circle-bottom","arrow"],"defaultCode":59971,"grid":16},"attrs":[],"properties":{"ligatures":"circle-down, down3","name":"circle-down","id":323,"order":33,"prevSize":32,"code":59971},"setIdx":0,"setId":0,"iconIdx":323},{"icon":{"paths":["M512 1024c282.77 0 512-229.23 512-512s-229.23-512-512-512-512 229.23-512 512 229.23 512 512 512zM512 96c229.75 0 416 186.25 416 416s-186.25 416-416 416-416-186.25-416-416 186.25-416 416-416z","M669.256 317.256l-90.512-90.512-285.254 285.256 285.256 285.254 90.508-90.508-194.744-194.746z"],"attrs":[],"isMulticolor":false,"isMulticolor2":false,"tags":["circle-left","left","circle-previous","arrow"],"defaultCode":59972,"grid":16},"attrs":[],"properties":{"ligatures":"circle-left, left5","name":"circle-left","id":324,"order":34,"prevSize":32,"code":59972},"setIdx":0,"setId":0,"iconIdx":324},{"icon":{"paths":["M1013.8 307.2c0 0-10-70.6-40.8-101.6-39-40.8-82.6-41-102.6-43.4-143.2-10.4-358.2-10.4-358.2-10.4h-0.4c0 0-215 0-358.2 10.4-20 2.4-63.6 2.6-102.6 43.4-30.8 31-40.6 101.6-40.6 101.6s-10.2 82.8-10.2 165.8v77.6c0 82.8 10.2 165.8 10.2 165.8s10 70.6 40.6 101.6c39 40.8 90.2 39.4 113 43.8 82 7.8 348.2 10.2 348.2 10.2s215.2-0.4 358.4-10.6c20-2.4 63.6-2.6 102.6-43.4 30.8-31 40.8-101.6 40.8-101.6s10.2-82.8 10.2-165.8v-77.6c-0.2-82.8-10.4-165.8-10.4-165.8zM406.2 644.8v-287.8l276.6 144.4-276.6 143.4z"],"attrs":[],"isMulticolor":false,"isMulticolor2":false,"tags":["youtube","brand","social"],"defaultCode":60061,"grid":16},"attrs":[],"properties":{"ligatures":"youtube, brand21","name":"youtube","id":413,"order":20,"prevSize":32,"code":60061},"setIdx":0,"setId":0,"iconIdx":413},{"icon":{"paths":["M344.012 169.399c0.209-0.865 0.344-1.479 0.388-1.8l1.042-7.559-47.349-0.267c-42.779-0.242-55.87 0.007-57.047 1.084-0.565 0.516-15.333 56.633-41.655 158.273-12.556 48.484-23.124 87.206-23.487 86.051s-15.391-56.498-33.397-122.98c-18.006-66.482-33.104-121.243-33.55-121.692-0.623-0.623-57.98-0.9-104.417-0.502-6.735 0.056-10.477-13.11 60.021 211.133 9.759 31.041 24.371 74.997 32.469 97.679 9.333 26.141 15.989 46.323 20.534 63.173 8.038 32.067 8.319 52.163 6.565 75.625-2.026 27.101-2.321 218.438-0.342 221.638 1.512 2.449 91.223 3.589 99.712 1.268 1.358-0.372 2.265-1.691 2.87-8.928 2.119-6.219 2.286-30.969 2.286-133.744v-131.281l5.742-18.112c3.756-11.849 13.201-42.995 20.989-69.22 7.789-26.222 17.21-57.619 20.938-69.771 33.834-110.319 66.14-218.831 66.994-225.011l0.693-5.056z","M846.122 328.651l-0.021 6.838-1.065 0.014-0.595 188.993-0.577 183.227-14.666 14.929c-16.424 16.719-29.585 23.101-41.488 20.113-12.963-3.254-12.64 1.8-13.722-214.768l-0.998-199.347h-94.316v6.851h-1.086v216.289c0 231.737-0.007 231.599 11.752 254.875 9.366 18.536 23.010 27.559 46.391 30.671h0.002c30.79 4.1 64.001-9.849 94.77-39.809l13.373-13.022v22.445c0 19.396 0.554 22.601 4.070 23.58 5.756 1.605 77.173 1.707 84.89 0.126l6.396-1.314v-6.628l1.086-0.223v-495.098l-94.195 1.258z","M606.892 426.33c-8.935-38.341-25.68-64.115-53.233-81.939-43.281-27.999-92.718-30.957-138.586-8.291-33.425 16.515-54.951 43.914-66.071 84.083-1.326 4.786-2.298 8.812-3.033 14.815-2.83 14.184-3.163 35.351-3.889 133.951-1.121 151.928 0.616 170.003 19.643 204.51 18.664 33.848 57.403 58.661 99.572 63.782 12.696 1.54 38.43-0.858 53.23-4.961 33.632-9.326 65.864-35.906 80.118-66.078 6.158-13.033 9.875-22.096 12.115-38.651 4.175-22.617 4.47-59.175 4.47-152.375-0.002-118.875-0.379-131.862-4.337-148.847zM499.34 736.003c-7.907 6.028-21.734 8.649-32.983 6.249-8.656-1.847-20.338-15.419-23.934-27.801-4.479-15.436-4.823-229.985-0.954-272.059 6.379-21.054 24.19-32.050 43.635-26.813 15.157 4.082 22.915 13.575 27.336 33.457 3.282 14.754 3.67 33.129 2.972 141.26-0.46 71.701-0.716 106.742-3.058 125.553-2.382 11.87-6.319 15.047-13.015 20.154z","M2300.389 534.137h45.57l-0.726-41.281c-0.705-37.869-1.263-42.2-6.324-52.472-7.982-16.21-19.759-23.401-38.446-23.401-22.448 0-36.678 10.849-43.388 33.141-2.858 9.486-5.863 74.685-3.707 80.308 1.205 3.144 7.724 3.705 47.021 3.705z","M1995.795 440.237c-6.077-12.247-17.385-18.278-30.525-17.806-10.221 0.365-21.561 4.677-32.488 13.010l-8.14 6.177v296.598l8.14 6.177c18.429 14.052 38.674 17.031 52.619 7.703 5.519-3.691 9.117-8.779 11.919-16.861 3.647-10.524 3.965-24.003 3.489-148.772-0.495-130.043-0.781-137.702-5.014-146.226z","M2560.878 306.633c-9.080-108.842-16.303-144.165-38.751-189.544-29.729-60.101-72.692-91.788-133.876-98.747-47.309-5.379-225.315-12.97-390.044-16.631-285.188-6.338-754.057 5.858-813.939 21.173-27.673 7.077-48.426 19.11-70.022 40.604-37.844 37.662-60.391 91.679-69.452 166.396-20.692 170.606-21.134 376.727-1.188 553.515 8.577 76.041 26.243 125.443 59.41 166.159 20.694 25.406 56.352 46.998 88.26 53.442 22.385 4.523 134.42 10.798 297.605 16.668 24.306 0.874 88.667 2.379 143.030 3.344 113.301 2.012 321.627 0.821 440.719-2.519 80.127-2.249 226.201-8.172 253.5-10.282 7.677-0.593 25.469-1.728 39.537-2.523 47.277-2.67 77.353-12.568 105.596-34.76 36.553-28.718 64.857-81.795 76.815-144.037 11.314-58.894 18.887-163.773 20.422-282.851 1.284-99.491-0.426-153.175-7.621-239.409zM1425.273 267.192l-52.982 0.654-2.326 565.143-45.932 0.581c-35.525 0.488-46.307-0.044-47.167-2.326-0.616-1.626-1.356-129.020-1.672-283.153l-0.581-280.246-103.493-1.307v-88.304l305.829 1.235 1.307 87.069-52.982 0.654zM1750.216 591.117v243.035h-83.725v-25.583c0-19.247-0.735-25.583-2.979-25.583-1.64 0-9.226 6.344-16.861 14.098-16.557 16.817-36.171 30.367-52.91 36.63-34.662 12.968-67.589 5.4-81.618-18.75-12.838-22.11-13.082-27.052-13.082-256.335v-210.547h83.653l0.654 198.265c0.623 194.821 0.714 198.393 5.377 206.333 6.182 10.521 15.608 13.347 30.597 9.231 8.817-2.423 14.836-6.707 29.143-20.931l18.024-17.952v-374.946h83.725v243.035zM2076.757 799.41c-7.372 16.424-23.806 32.509-37.283 36.485-35.167 10.382-63.375 1.923-95.935-28.708-10.103-9.505-19.51-17.224-20.931-17.224-1.712 0-2.616 7.449-2.616 22.094v22.094h-83.725v-655.845h83.725v106.982c0 58.84 0.786 106.982 1.744 106.982s9.789-7.807 19.624-17.298c22.629-21.841 41.548-31.399 65.557-33.213 42.811-3.24 68.327 18.794 80.018 69.117 3.647 15.696 3.998 33.625 3.998 179.078-0.002 177.178-0.021 177.918-14.175 209.457zM2430.99 702.168c-0.744 18.226-2.954 39.137-4.942 46.514-11.642 43.167-42.635 73.731-87.432 86.269-60.315 16.878-126.704-10.777-153.205-63.812-14.875-29.769-15.408-35.706-15.408-181.185 0-118.617 0.419-133.171 4.214-149.354 10.747-45.788 37.392-75.422 82.49-91.865 13.068-4.765 26.708-7.207 40.337-7.486 48.672-0.998 96.984 25.18 117.229 67.808 13.659 28.76 15.35 41.060 16.717 122.099l1.235 72.678-178.497 1.235-0.654 48.84c-0.93 68.901 3.716 90.088 22.313 102.621 15.645 10.54 39.679 9.745 52.765-1.744 12.263-10.768 15.726-22.336 16.933-56.107l1.091-29.653h86.195l-1.381 33.143z"],"width":2569,"attrs":[],"isMulticolor":false,"isMulticolor2":false,"tags":["youtube","brand","social"],"defaultCode":60062,"grid":16},"attrs":[],"properties":{"ligatures":"youtube2, brand22","name":"youtube2","id":414,"order":19,"prevSize":32,"code":60062},"setIdx":0,"setId":0,"iconIdx":414}],"height":1024,"metadata":{"name":"icomoon"},"preferences":{"showGlyphs":true,"showQuickUse":true,"showQuickUse2":true,"showSVGs":true,"fontPref":{"prefix":"icon-","metadata":{"fontFamily":"icomoon"},"metrics":{"emSize":1024,"baseline":6.25,"whitespace":50},"embed":false},"imagePref":{"prefix":"icon-","png":true,"useClassSelector":true,"color":0,"bgColor":16777215,"classSelector":".icon"},"historySize":50,"showCodes":true,"gridSize":16}}